{
    "ds": [5],
    "ps": [0.0, 0.0, 0.0, 0.0, 0.0],
    "betas": [0.25, 0.22222222, 0.2, 0.18181818, 0.16666667],
    "nseeds": 1,
    "bcs": ["even", "odd"]
}